<SaveDataContainer xmlns="http://schemas.datacontract.org/2004/07/CycloneStudio.structs" xmlns:i="http://www.w3.org/2001/XMLSchema-instance"><board/><moduleId>3</moduleId><modules><Module><boardInfo i:nil="true"/><customPin>false</customPin><id>b1</id><inPins/><marginLeft>88</marginLeft><marginTop>164</marginTop><modulesPathUsedInBlock xmlns:a="http://schemas.microsoft.com/2003/10/Serialization/Arrays"/><modulesUsedInBlock xmlns:a="http://schemas.microsoft.com/2003/10/Serialization/Arrays"/><name>ONE</name><outPins><Pin><activeConnections><PolylineTagData><moduleInId>b2</moduleInId><moduleOutId>b1</moduleOutId><pinInName>BUS0</pinInName><pinOutName>Y</pinOutName><wirename>w1</wirename></PolylineTagData><PolylineTagData><moduleInId>b2</moduleInId><moduleOutId>b1</moduleOutId><pinInName>BUS1</pinInName><pinOutName>Y</pinOutName><wirename>w1</wirename></PolylineTagData></activeConnections><busType i:nil="true"/><connected>true</connected><hidden>false</hidden><isBus>false</isBus><moduleId>b1</moduleId><name>Y</name><name_wire>w1</name_wire><type>OUT</type></Pin></outPins><path>..\..\components\bit\cONE.v</path></Module><Module><boardInfo i:nil="true"/><customPin>false</customPin><id>b2</id><inPins><Pin><activeConnections><PolylineTagData><moduleInId>b2</moduleInId><moduleOutId>b1</moduleOutId><pinInName>BUS0</pinInName><pinOutName>Y</pinOutName><wirename>w1</wirename></PolylineTagData></activeConnections><busType i:nil="true"/><connected>true</connected><hidden>false</hidden><isBus>false</isBus><moduleId>b2</moduleId><name>BUS0</name><name_wire>w1</name_wire><type>IN</type></Pin><Pin><activeConnections><PolylineTagData><moduleInId>b2</moduleInId><moduleOutId>b1</moduleOutId><pinInName>BUS1</pinInName><pinOutName>Y</pinOutName><wirename>w1</wirename></PolylineTagData></activeConnections><busType i:nil="true"/><connected>true</connected><hidden>false</hidden><isBus>false</isBus><moduleId>b2</moduleId><name>BUS1</name><name_wire>w1</name_wire><type>IN</type></Pin></inPins><marginLeft>309</marginLeft><marginTop>105</marginTop><modulesPathUsedInBlock xmlns:a="http://schemas.microsoft.com/2003/10/Serialization/Arrays"/><modulesUsedInBlock xmlns:a="http://schemas.microsoft.com/2003/10/Serialization/Arrays"/><name>MERGE2</name><outPins><Pin><activeConnections><PolylineTagData><moduleInId>b3</moduleInId><moduleOutId>b2</moduleOutId><pinInName>[1:0]BUS</pinInName><pinOutName>[1:0]BUS</pinOutName><wirename>w2 [1:0]</wirename></PolylineTagData></activeConnections><busType>[1:0]</busType><connected>true</connected><hidden>false</hidden><isBus>true</isBus><moduleId>b2</moduleId><name>[1:0]BUS</name><name_wire>w2 [1:0]</name_wire><type>OUT</type></Pin></outPins><path>..\..\components\comb\cMERGE2.v</path></Module><Module><boardInfo i:nil="true"/><customPin>false</customPin><id>b3</id><inPins><Pin><activeConnections><PolylineTagData><moduleInId>b3</moduleInId><moduleOutId>b2</moduleOutId><pinInName>[1:0]BUS</pinInName><pinOutName>[1:0]BUS</pinOutName><wirename>w2 [1:0]</wirename></PolylineTagData></activeConnections><busType>[1:0]</busType><connected>true</connected><hidden>false</hidden><isBus>true</isBus><moduleId>b3</moduleId><name>[1:0]BUS</name><name_wire>w2 [1:0]</name_wire><type>IN</type></Pin></inPins><marginLeft>514</marginLeft><marginTop>126</marginTop><modulesPathUsedInBlock xmlns:a="http://schemas.microsoft.com/2003/10/Serialization/Arrays"/><modulesUsedInBlock xmlns:a="http://schemas.microsoft.com/2003/10/Serialization/Arrays"/><name>SPLIT2</name><outPins><Pin><activeConnections/><busType i:nil="true"/><connected>false</connected><hidden>false</hidden><isBus>false</isBus><moduleId>b3</moduleId><name>BUS0</name><name_wire/><type>OUT</type></Pin><Pin><activeConnections/><busType i:nil="true"/><connected>false</connected><hidden>false</hidden><isBus>false</isBus><moduleId>b3</moduleId><name>BUS1</name><name_wire/><type>OUT</type></Pin></outPins><path>..\..\components\comb\cSPLIT2.v</path></Module></modules><wireId>2</wireId></SaveDataContainer>