<SaveDataContainer xmlns="http://schemas.datacontract.org/2004/07/CycloneStudio.structs" xmlns:i="http://www.w3.org/2001/XMLSchema-instance"><board>DE0-Nano</board><moduleId>4</moduleId><modules><Module><boardInfo i:nil="true"/><customPin>false</customPin><id>b1</id><inPins/><marginLeft>110</marginLeft><marginTop>114</marginTop><modulesPathUsedInBlock xmlns:a="http://schemas.microsoft.com/2003/10/Serialization/Arrays"/><modulesUsedInBlock xmlns:a="http://schemas.microsoft.com/2003/10/Serialization/Arrays"/><name>ONE</name><outPins><Pin><activeConnections><PolylineTagData><moduleInId>b2</moduleInId><moduleOutId>b1</moduleOutId><pinInName>A</pinInName><pinOutName>Y</pinOutName><wirename>w1</wirename></PolylineTagData></activeConnections><busType i:nil="true"/><connected>true</connected><hidden>false</hidden><isBus>false</isBus><moduleId>b1</moduleId><name>Y</name><name_wire>w1</name_wire><type>OUT</type></Pin></outPins><path>..\..\components\bit\cONE.v</path></Module><Module><boardInfo i:nil="true"/><customPin>false</customPin><id>b2</id><inPins><Pin><activeConnections><PolylineTagData><moduleInId>b2</moduleInId><moduleOutId>b1</moduleOutId><pinInName>A</pinInName><pinOutName>Y</pinOutName><wirename>w1</wirename></PolylineTagData></activeConnections><busType i:nil="true"/><connected>true</connected><hidden>false</hidden><isBus>false</isBus><moduleId>b2</moduleId><name>A</name><name_wire>w1</name_wire><type>IN</type></Pin><Pin><activeConnections><PolylineTagData><moduleInId>b2</moduleInId><moduleOutId>b4</moduleOutId><pinInName>B</pinInName><pinOutName>OUT</pinOutName><wirename>w2</wirename></PolylineTagData></activeConnections><busType i:nil="true"/><connected>true</connected><hidden>false</hidden><isBus>false</isBus><moduleId>b2</moduleId><name>B</name><name_wire>w2</name_wire><type>IN</type></Pin></inPins><marginLeft>346</marginLeft><marginTop>111</marginTop><modulesPathUsedInBlock xmlns:a="http://schemas.microsoft.com/2003/10/Serialization/Arrays"/><modulesUsedInBlock xmlns:a="http://schemas.microsoft.com/2003/10/Serialization/Arrays"/><name>AND2</name><outPins><Pin><activeConnections><PolylineTagData><moduleInId>b3</moduleInId><moduleOutId>b2</moduleOutId><pinInName>IN</pinInName><pinOutName>Y</pinOutName><wirename>w3</wirename></PolylineTagData></activeConnections><busType i:nil="true"/><connected>true</connected><hidden>false</hidden><isBus>false</isBus><moduleId>b2</moduleId><name>Y</name><name_wire>w3</name_wire><type>OUT</type></Pin></outPins><path>..\..\components\logic\cAND2.v</path></Module><Module><boardInfo i:nil="true"/><customPin>false</customPin><id>b3</id><inPins><Pin><activeConnections><PolylineTagData><moduleInId>b3</moduleInId><moduleOutId>b2</moduleOutId><pinInName>IN</pinInName><pinOutName>Y</pinOutName><wirename>w3</wirename></PolylineTagData></activeConnections><busType i:nil="true"/><connected>true</connected><hidden>false</hidden><isBus>false</isBus><moduleId>b3</moduleId><name>IN</name><name_wire>w3</name_wire><type>IN</type></Pin></inPins><marginLeft>569</marginLeft><marginTop>110</marginTop><modulesPathUsedInBlock xmlns:a="http://schemas.microsoft.com/2003/10/Serialization/Arrays"/><modulesUsedInBlock xmlns:a="http://schemas.microsoft.com/2003/10/Serialization/Arrays"/><name>LED0</name><outPins><Pin><activeConnections/><busType i:nil="true"/><connected>false</connected><hidden>true</hidden><isBus>false</isBus><moduleId>b3</moduleId><name>LED0</name><name_wire/><type>OUT</type></Pin></outPins><path>..\..\components\board\DE0-Nano\cLED0.v</path></Module><Module><boardInfo i:nil="true"/><customPin>false</customPin><id>b4</id><inPins><Pin><activeConnections/><busType i:nil="true"/><connected>false</connected><hidden>true</hidden><isBus>false</isBus><moduleId>b4</moduleId><name>KEY0</name><name_wire/><type>IN</type></Pin></inPins><marginLeft>106</marginLeft><marginTop>176</marginTop><modulesPathUsedInBlock xmlns:a="http://schemas.microsoft.com/2003/10/Serialization/Arrays"/><modulesUsedInBlock xmlns:a="http://schemas.microsoft.com/2003/10/Serialization/Arrays"/><name>KEY0</name><outPins><Pin><activeConnections><PolylineTagData><moduleInId>b2</moduleInId><moduleOutId>b4</moduleOutId><pinInName>B</pinInName><pinOutName>OUT</pinOutName><wirename>w2</wirename></PolylineTagData></activeConnections><busType i:nil="true"/><connected>true</connected><hidden>false</hidden><isBus>false</isBus><moduleId>b4</moduleId><name>OUT</name><name_wire>w2</name_wire><type>OUT</type></Pin></outPins><path>..\..\components\board\DE0-Nano\cKEY0.v</path></Module></modules><wireId>3</wireId></SaveDataContainer>