<SaveDataContainer xmlns="http://schemas.datacontract.org/2004/07/CycloneStudio.structs" xmlns:i="http://www.w3.org/2001/XMLSchema-instance"><board>StormIV-E6</board><moduleId>5</moduleId><modules><Module><boardInfo i:nil="true"/><customPin>true</customPin><id>b1</id><inPins><Pin><activeConnections/><busType i:nil="true"/><connected>false</connected><hidden>true</hidden><isBus>false</isBus><moduleId>b1</moduleId><name>poiu</name><name_wire/><type>IN</type></Pin></inPins><marginLeft>102</marginLeft><marginTop>190</marginTop><modulesPathUsedInBlock xmlns:a="http://schemas.microsoft.com/2003/10/Serialization/Arrays"/><modulesUsedInBlock xmlns:a="http://schemas.microsoft.com/2003/10/Serialization/Arrays"/><name>poiu</name><outPins><Pin><activeConnections><PolylineTagData><moduleInId>b4</moduleInId><moduleOutId>b1</moduleOutId><pinInName>B</pinInName><pinOutName>IN</pinOutName><wirename>w2</wirename></PolylineTagData><PolylineTagData><moduleInId>b4</moduleInId><moduleOutId>b1</moduleOutId><pinInName>C</pinInName><pinOutName>IN</pinOutName><wirename>w2</wirename></PolylineTagData></activeConnections><busType i:nil="true"/><connected>true</connected><hidden>false</hidden><isBus>false</isBus><moduleId>b1</moduleId><name>IN</name><name_wire>w2</name_wire><type>OUT</type></Pin></outPins><path>..\..\components\block\MyBlock1\cpoiu.v</path></Module><Module><boardInfo i:nil="true"/><customPin>true</customPin><id>b2</id><inPins><Pin><activeConnections><PolylineTagData><moduleInId>b2</moduleInId><moduleOutId>b4</moduleOutId><pinInName>OUT</pinInName><pinOutName>Y</pinOutName><wirename>w3</wirename></PolylineTagData></activeConnections><busType i:nil="true"/><connected>true</connected><hidden>false</hidden><isBus>false</isBus><moduleId>b2</moduleId><name>OUT</name><name_wire>w3</name_wire><type>IN</type></Pin></inPins><marginLeft>529</marginLeft><marginTop>80</marginTop><modulesPathUsedInBlock xmlns:a="http://schemas.microsoft.com/2003/10/Serialization/Arrays"/><modulesUsedInBlock xmlns:a="http://schemas.microsoft.com/2003/10/Serialization/Arrays"/><name>kjhkj</name><outPins><Pin><activeConnections/><busType i:nil="true"/><connected>false</connected><hidden>true</hidden><isBus>false</isBus><moduleId>b2</moduleId><name>kjhkj</name><name_wire/><type>OUT</type></Pin></outPins><path>..\..\components\block\MyBlock1\ckjhkj.v</path></Module><Module><boardInfo i:nil="true"/><customPin>false</customPin><id>b3</id><inPins><Pin><activeConnections/><busType i:nil="true"/><connected>false</connected><hidden>true</hidden><isBus>false</isBus><moduleId>b3</moduleId><name>KEY1</name><name_wire/><type>IN</type></Pin></inPins><marginLeft>100</marginLeft><marginTop>121</marginTop><modulesPathUsedInBlock xmlns:a="http://schemas.microsoft.com/2003/10/Serialization/Arrays"/><modulesUsedInBlock xmlns:a="http://schemas.microsoft.com/2003/10/Serialization/Arrays"/><name>KEY1</name><outPins><Pin><activeConnections><PolylineTagData><moduleInId>b4</moduleInId><moduleOutId>b3</moduleOutId><pinInName>A</pinInName><pinOutName>OUT</pinOutName><wirename>w1</wirename></PolylineTagData></activeConnections><busType i:nil="true"/><connected>true</connected><hidden>false</hidden><isBus>false</isBus><moduleId>b3</moduleId><name>OUT</name><name_wire>w1</name_wire><type>OUT</type></Pin></outPins><path>..\..\components\board\StormIV-E6\cKEY1.v</path></Module><Module><boardInfo i:nil="true"/><customPin>false</customPin><id>b4</id><inPins><Pin><activeConnections><PolylineTagData><moduleInId>b4</moduleInId><moduleOutId>b3</moduleOutId><pinInName>A</pinInName><pinOutName>OUT</pinOutName><wirename>w1</wirename></PolylineTagData></activeConnections><busType i:nil="true"/><connected>true</connected><hidden>false</hidden><isBus>false</isBus><moduleId>b4</moduleId><name>A</name><name_wire>w1</name_wire><type>IN</type></Pin><Pin><activeConnections><PolylineTagData><moduleInId>b4</moduleInId><moduleOutId>b1</moduleOutId><pinInName>B</pinInName><pinOutName>IN</pinOutName><wirename>w2</wirename></PolylineTagData></activeConnections><busType i:nil="true"/><connected>true</connected><hidden>false</hidden><isBus>false</isBus><moduleId>b4</moduleId><name>B</name><name_wire>w2</name_wire><type>IN</type></Pin><Pin><activeConnections><PolylineTagData><moduleInId>b4</moduleInId><moduleOutId>b1</moduleOutId><pinInName>C</pinInName><pinOutName>IN</pinOutName><wirename>w2</wirename></PolylineTagData></activeConnections><busType i:nil="true"/><connected>true</connected><hidden>false</hidden><isBus>false</isBus><moduleId>b4</moduleId><name>C</name><name_wire>w2</name_wire><type>IN</type></Pin></inPins><marginLeft>321</marginLeft><marginTop>131</marginTop><modulesPathUsedInBlock xmlns:a="http://schemas.microsoft.com/2003/10/Serialization/Arrays"/><modulesUsedInBlock xmlns:a="http://schemas.microsoft.com/2003/10/Serialization/Arrays"/><name>AND3</name><outPins><Pin><activeConnections><PolylineTagData><moduleInId>b2</moduleInId><moduleOutId>b4</moduleOutId><pinInName>OUT</pinInName><pinOutName>Y</pinOutName><wirename>w3</wirename></PolylineTagData><PolylineTagData><moduleInId>b5</moduleInId><moduleOutId>b4</moduleOutId><pinInName>IN</pinInName><pinOutName>Y</pinOutName><wirename>w3</wirename></PolylineTagData></activeConnections><busType i:nil="true"/><connected>true</connected><hidden>false</hidden><isBus>false</isBus><moduleId>b4</moduleId><name>Y</name><name_wire>w3</name_wire><type>OUT</type></Pin></outPins><path>..\..\components\logic\cAND3.v</path></Module><Module><boardInfo i:nil="true"/><customPin>false</customPin><id>b5</id><inPins><Pin><activeConnections><PolylineTagData><moduleInId>b5</moduleInId><moduleOutId>b4</moduleOutId><pinInName>IN</pinInName><pinOutName>Y</pinOutName><wirename>w3</wirename></PolylineTagData></activeConnections><busType i:nil="true"/><connected>true</connected><hidden>false</hidden><isBus>false</isBus><moduleId>b5</moduleId><name>IN</name><name_wire>w3</name_wire><type>IN</type></Pin></inPins><marginLeft>534</marginLeft><marginTop>179</marginTop><modulesPathUsedInBlock xmlns:a="http://schemas.microsoft.com/2003/10/Serialization/Arrays"/><modulesUsedInBlock xmlns:a="http://schemas.microsoft.com/2003/10/Serialization/Arrays"/><name>LED1</name><outPins><Pin><activeConnections/><busType i:nil="true"/><connected>false</connected><hidden>true</hidden><isBus>false</isBus><moduleId>b5</moduleId><name>LED1</name><name_wire/><type>OUT</type></Pin></outPins><path>..\..\components\board\StormIV-E6\cLED1.v</path></Module></modules><wireId>3</wireId></SaveDataContainer>