<SaveDataContainer xmlns="http://schemas.datacontract.org/2004/07/CycloneStudio.structs" xmlns:i="http://www.w3.org/2001/XMLSchema-instance"><board>DE0-Nano</board><moduleId>4</moduleId><modules><Module><boardInfo><boardName>DE0nano</boardName><marginLeft>139</marginLeft><marginTop>263</marginTop></boardInfo><customPin>false</customPin><id>b1</id><inPins><Pin><activeConnections/><busType i:nil="true"/><connected>false</connected><hidden>true</hidden><isBus>false</isBus><moduleId>b1</moduleId><name>SWITCH1</name><name_wire/><type>IN</type></Pin><Pin><activeConnections/><busType i:nil="true"/><connected>false</connected><hidden>true</hidden><isBus>false</isBus><moduleId>b1</moduleId><name>SWITCH2</name><name_wire/><type>IN</type></Pin><Pin><activeConnections/><busType i:nil="true"/><connected>false</connected><hidden>true</hidden><isBus>false</isBus><moduleId>b1</moduleId><name>SWITCH3</name><name_wire/><type>IN</type></Pin><Pin><activeConnections/><busType i:nil="true"/><connected>false</connected><hidden>true</hidden><isBus>false</isBus><moduleId>b1</moduleId><name>SWITCH4</name><name_wire/><type>IN</type></Pin></inPins><marginLeft>127</marginLeft><marginTop>53</marginTop><modulesPathUsedInBlock xmlns:a="http://schemas.microsoft.com/2003/10/Serialization/Arrays"/><modulesUsedInBlock xmlns:a="http://schemas.microsoft.com/2003/10/Serialization/Arrays"/><name>SWITCH</name><outPins><Pin><activeConnections><PolylineTagData><moduleInId>b2</moduleInId><moduleOutId>b1</moduleOutId><pinInName>A</pinInName><pinOutName>SW1</pinOutName><wirename>w1</wirename></PolylineTagData></activeConnections><busType i:nil="true"/><connected>true</connected><hidden>false</hidden><isBus>false</isBus><moduleId>b1</moduleId><name>SW1</name><name_wire>w1</name_wire><type>OUT</type></Pin><Pin><activeConnections><PolylineTagData><moduleInId>b2</moduleInId><moduleOutId>b1</moduleOutId><pinInName>B</pinInName><pinOutName>SW2</pinOutName><wirename>w2</wirename></PolylineTagData></activeConnections><busType i:nil="true"/><connected>true</connected><hidden>false</hidden><isBus>false</isBus><moduleId>b1</moduleId><name>SW2</name><name_wire>w2</name_wire><type>OUT</type></Pin><Pin><activeConnections><PolylineTagData><moduleInId>b2</moduleInId><moduleOutId>b1</moduleOutId><pinInName>C</pinInName><pinOutName>SW3</pinOutName><wirename>w3</wirename></PolylineTagData></activeConnections><busType i:nil="true"/><connected>true</connected><hidden>false</hidden><isBus>false</isBus><moduleId>b1</moduleId><name>SW3</name><name_wire>w3</name_wire><type>OUT</type></Pin><Pin><activeConnections/><busType i:nil="true"/><connected>false</connected><hidden>false</hidden><isBus>false</isBus><moduleId>b1</moduleId><name>SW4</name><name_wire/><type>OUT</type></Pin></outPins><path>..\..\components\board\DE0-Nano\cSWITCH.v</path></Module><Module><boardInfo i:nil="true"/><customPin>false</customPin><id>b2</id><inPins><Pin><activeConnections><PolylineTagData><moduleInId>b2</moduleInId><moduleOutId>b1</moduleOutId><pinInName>A</pinInName><pinOutName>SW1</pinOutName><wirename>w1</wirename></PolylineTagData></activeConnections><busType i:nil="true"/><connected>true</connected><hidden>false</hidden><isBus>false</isBus><moduleId>b2</moduleId><name>A</name><name_wire>w1</name_wire><type>IN</type></Pin><Pin><activeConnections><PolylineTagData><moduleInId>b2</moduleInId><moduleOutId>b1</moduleOutId><pinInName>B</pinInName><pinOutName>SW2</pinOutName><wirename>w2</wirename></PolylineTagData></activeConnections><busType i:nil="true"/><connected>true</connected><hidden>false</hidden><isBus>false</isBus><moduleId>b2</moduleId><name>B</name><name_wire>w2</name_wire><type>IN</type></Pin><Pin><activeConnections><PolylineTagData><moduleInId>b2</moduleInId><moduleOutId>b1</moduleOutId><pinInName>C</pinInName><pinOutName>SW3</pinOutName><wirename>w3</wirename></PolylineTagData></activeConnections><busType i:nil="true"/><connected>true</connected><hidden>false</hidden><isBus>false</isBus><moduleId>b2</moduleId><name>C</name><name_wire>w3</name_wire><type>IN</type></Pin><Pin><activeConnections><PolylineTagData><moduleInId>b2</moduleInId><moduleOutId>b3</moduleOutId><pinInName>D</pinInName><pinOutName>IN</pinOutName><wirename>w4</wirename></PolylineTagData></activeConnections><busType i:nil="true"/><connected>true</connected><hidden>false</hidden><isBus>false</isBus><moduleId>b2</moduleId><name>D</name><name_wire>w4</name_wire><type>IN</type></Pin></inPins><marginLeft>363</marginLeft><marginTop>129</marginTop><modulesPathUsedInBlock xmlns:a="http://schemas.microsoft.com/2003/10/Serialization/Arrays"/><modulesUsedInBlock xmlns:a="http://schemas.microsoft.com/2003/10/Serialization/Arrays"/><name>OR4</name><outPins><Pin><activeConnections><PolylineTagData><moduleInId>b4</moduleInId><moduleOutId>b2</moduleOutId><pinInName>OUT</pinInName><pinOutName>Y</pinOutName><wirename>w5</wirename></PolylineTagData></activeConnections><busType i:nil="true"/><connected>true</connected><hidden>false</hidden><isBus>false</isBus><moduleId>b2</moduleId><name>Y</name><name_wire>w5</name_wire><type>OUT</type></Pin></outPins><path>..\..\components\logic\cOR4.v</path></Module><Module><boardInfo i:nil="true"/><customPin>true</customPin><id>b3</id><inPins><Pin><activeConnections/><busType i:nil="true"/><connected>false</connected><hidden>true</hidden><isBus>false</isBus><moduleId>b3</moduleId><name>CustIN</name><name_wire/><type>IN</type></Pin></inPins><marginLeft>112</marginLeft><marginTop>228</marginTop><modulesPathUsedInBlock xmlns:a="http://schemas.microsoft.com/2003/10/Serialization/Arrays"/><modulesUsedInBlock xmlns:a="http://schemas.microsoft.com/2003/10/Serialization/Arrays"/><name>CustIN</name><outPins><Pin><activeConnections><PolylineTagData><moduleInId>b2</moduleInId><moduleOutId>b3</moduleOutId><pinInName>D</pinInName><pinOutName>IN</pinOutName><wirename>w4</wirename></PolylineTagData></activeConnections><busType i:nil="true"/><connected>true</connected><hidden>false</hidden><isBus>false</isBus><moduleId>b3</moduleId><name>IN</name><name_wire>w4</name_wire><type>OUT</type></Pin></outPins><path>..\..\components\block\MyBlock1\cCustIN.v</path></Module><Module><boardInfo i:nil="true"/><customPin>true</customPin><id>b4</id><inPins><Pin><activeConnections><PolylineTagData><moduleInId>b4</moduleInId><moduleOutId>b2</moduleOutId><pinInName>OUT</pinInName><pinOutName>Y</pinOutName><wirename>w5</wirename></PolylineTagData></activeConnections><busType i:nil="true"/><connected>true</connected><hidden>false</hidden><isBus>false</isBus><moduleId>b4</moduleId><name>OUT</name><name_wire>w5</name_wire><type>IN</type></Pin></inPins><marginLeft>626</marginLeft><marginTop>129</marginTop><modulesPathUsedInBlock xmlns:a="http://schemas.microsoft.com/2003/10/Serialization/Arrays"/><modulesUsedInBlock xmlns:a="http://schemas.microsoft.com/2003/10/Serialization/Arrays"/><name>CustOut</name><outPins><Pin><activeConnections/><busType i:nil="true"/><connected>false</connected><hidden>true</hidden><isBus>false</isBus><moduleId>b4</moduleId><name>CustOut</name><name_wire/><type>OUT</type></Pin></outPins><path>..\..\components\block\MyBlock1\cCustOut.v</path></Module></modules><wireId>5</wireId></SaveDataContainer>